PlayerID,Flag,sum,count,percent,Year,Name,Position,Team
00-0019596,OneFlag,8,17,0.470588235294,2016,Tom Brady,QB,NE
00-0019596,TwoFlag,12,17,0.705882352941,2016,Tom Brady,QB,NE
00-0020337,OneFlag,3,17,0.176470588235,2016,Steve Smith,WR,BAL
00-0020337,TwoFlag,6,17,0.352941176471,2016,Steve Smith,WR,BAL
00-0020531,OneFlag,11,17,0.647058823529,2016,Drew Brees,QB,NO
00-0020531,TwoFlag,15,17,0.882352941176,2016,Drew Brees,QB,NO
00-0020679,OneFlag,0,17,0.0,2016,Shaun Hill,QB,MIN
00-0020679,TwoFlag,1,17,0.0588235294118,2016,Shaun Hill,QB,MIN
00-0021206,OneFlag,1,17,0.0588235294118,2016,Josh McCown,QB,CLE
00-0021206,TwoFlag,4,17,0.235294117647,2016,Josh McCown,QB,CLE
00-0021429,OneFlag,7,17,0.411764705882,2016,Carson Palmer,QB,ARI
00-0021429,TwoFlag,14,17,0.823529411765,2016,Carson Palmer,QB,ARI
00-0021547,OneFlag,7,17,0.411764705882,2016,Antonio Gates,TE,SD
00-0021547,TwoFlag,10,17,0.588235294118,2016,Antonio Gates,TE,SD
00-0021678,OneFlag,0,17,0.0,2016,Tony Romo,QB,DAL
00-0021678,TwoFlag,0,17,0.0,2016,Tony Romo,QB,DAL
00-0022044,OneFlag,0,17,0.0,2016,Andre Johnson,WR,TEN
00-0022044,TwoFlag,0,17,0.0,2016,Andre Johnson,WR,TEN
00-0022084,OneFlag,2,17,0.117647058824,2016,Anquan Boldin,WR,DET
00-0022084,TwoFlag,6,17,0.352941176471,2016,Anquan Boldin,WR,DET
00-0022127,OneFlag,4,17,0.235294117647,2016,Jason Witten,TE,DAL
00-0022127,TwoFlag,14,17,0.823529411765,2016,Jason Witten,TE,DAL
00-0022787,OneFlag,0,17,0.0,2016,Matt Schaub,QB,ATL
00-0022787,TwoFlag,0,17,0.0,2016,Matt Schaub,QB,ATL
00-0022803,OneFlag,7,17,0.411764705882,2016,Eli Manning,QB,NYG
00-0022803,TwoFlag,16,17,0.941176470588,2016,Eli Manning,QB,NYG
00-0022921,OneFlag,4,17,0.235294117647,2016,Larry Fitzgerald,WR,ARI
00-0022921,TwoFlag,5,17,0.294117647059,2016,Larry Fitzgerald,WR,ARI
00-0022924,OneFlag,10,17,0.588235294118,2016,Ben Roethlisberger,QB,PIT
00-0022924,TwoFlag,13,17,0.764705882353,2016,Ben Roethlisberger,QB,PIT
00-0022942,OneFlag,7,17,0.411764705882,2016,Philip Rivers,QB,SD
00-0022942,TwoFlag,16,17,0.941176470588,2016,Philip Rivers,QB,SD
00-0022999,OneFlag,1,17,0.0588235294118,2016,John Kuhn,RB,NO
00-0022999,TwoFlag,2,17,0.117647058824,2016,John Kuhn,RB,NO
00-0023436,OneFlag,6,17,0.352941176471,2016,Alex Smith,QB,KC
00-0023436,TwoFlag,14,17,0.823529411765,2016,Alex Smith,QB,KC
00-0023459,OneFlag,13,17,0.764705882353,2016,Aaron Rodgers,QB,GB
00-0023459,TwoFlag,16,17,0.941176470588,2016,Aaron Rodgers,QB,GB
00-0023496,OneFlag,0,17,0.0,2016,Vincent Jackson,WR,TB
00-0023496,TwoFlag,0,17,0.0,2016,Vincent Jackson,WR,TB
00-0023500,OneFlag,3,17,0.176470588235,2016,Frank Gore,RB,IND
00-0023500,TwoFlag,12,17,0.705882352941,2016,Frank Gore,RB,IND
00-0023564,OneFlag,1,17,0.0588235294118,2016,Darren Sproles,RB,PHI
00-0023564,TwoFlag,8,17,0.470588235294,2016,Darren Sproles,RB,PHI
00-0023645,OneFlag,0,17,0.0,2016,Derek Anderson,QB,CAR
00-0023645,TwoFlag,2,17,0.117647058824,2016,Derek Anderson,QB,CAR
00-0023662,OneFlag,0,17,0.0,2016,Matt Cassel,QB,TEN
00-0023662,TwoFlag,1,17,0.0588235294118,2016,Matt Cassel,QB,TEN
00-0023682,OneFlag,2,17,0.117647058824,2016,Ryan Fitzpatrick,QB,NYJ
00-0023682,TwoFlag,9,17,0.529411764706,2016,Ryan Fitzpatrick,QB,NYJ
00-0024217,OneFlag,0,17,0.0,2016,Reggie Bush,RB,BUF
00-0024217,TwoFlag,1,17,0.0588235294118,2016,Reggie Bush,RB,BUF
00-0024221,OneFlag,6,17,0.352941176471,2016,Vernon Davis,TE,WAS
00-0024221,TwoFlag,9,17,0.529411764706,2016,Vernon Davis,TE,WAS
00-0024226,OneFlag,0,17,0.0,2016,Jay Cutler,QB,CHI
00-0024226,TwoFlag,4,17,0.235294117647,2016,Jay Cutler,QB,CHI
00-0024242,OneFlag,3,17,0.176470588235,2016,DeAngelo Williams,RB,PIT
00-0024242,TwoFlag,3,17,0.176470588235,2016,DeAngelo Williams,RB,PIT
00-0024243,OneFlag,1,17,0.0588235294118,2016,Marcedes Lewis,TE,JAC
00-0024243,TwoFlag,3,17,0.176470588235,2016,Marcedes Lewis,TE,JAC
00-0024264,OneFlag,0,17,0.0,2016,Kellen Clemens,QB,SD
00-0024264,TwoFlag,0,17,0.0,2016,Kellen Clemens,QB,SD
00-0024268,OneFlag,2,17,0.117647058824,2016,Anthony Fasano,TE,TEN
00-0024268,TwoFlag,2,17,0.117647058824,2016,Anthony Fasano,TE,TEN
00-0024272,OneFlag,0,17,0.0,2016,Devin Hester,WR,BAL
00-0024272,TwoFlag,0,17,0.0,2016,Devin Hester,WR,BAL
00-0024334,OneFlag,2,17,0.117647058824,2016,Brandon Marshall,WR,NYJ
00-0024334,TwoFlag,3,17,0.176470588235,2016,Brandon Marshall,WR,NYJ
00-0024389,OneFlag,8,17,0.470588235294,2016,Delanie Walker,TE,TEN
00-0024389,TwoFlag,14,17,0.823529411765,2016,Delanie Walker,TE,TEN
00-0024535,OneFlag,0,17,0.0,2016,Eric Weems,WR,ATL
00-0024535,TwoFlag,0,17,0.0,2016,Eric Weems,WR,ATL
00-0025394,OneFlag,0,17,0.0,2016,Adrian Peterson,RB,MIN
00-0025394,TwoFlag,0,17,0.0,2016,Adrian Peterson,RB,MIN
00-0025396,OneFlag,4,17,0.235294117647,2016,Ted Ginn,WR,CAR
00-0025396,TwoFlag,5,17,0.294117647059,2016,Ted Ginn,WR,CAR
00-0025418,OneFlag,9,17,0.529411764706,2016,Greg Olsen,TE,CAR
00-0025418,TwoFlag,15,17,0.882352941176,2016,Greg Olsen,TE,CAR
00-0025430,OneFlag,0,17,0.0,2016,Drew Stanton,QB,ARI
00-0025430,TwoFlag,1,17,0.0588235294118,2016,Drew Stanton,QB,ARI
00-0025549,OneFlag,1,17,0.0588235294118,2016,Brent Celek,TE,PHI
00-0025549,TwoFlag,2,17,0.117647058824,2016,Brent Celek,TE,PHI
00-0025708,OneFlag,1,17,0.0588235294118,2016,Matt Moore,QB,MIA
00-0025708,TwoFlag,3,17,0.176470588235,2016,Matt Moore,QB,MIA
00-0026019,OneFlag,1,17,0.0588235294118,2016,Danny Woodhead,RB,SD
00-0026019,TwoFlag,1,17,0.0588235294118,2016,Danny Woodhead,RB,SD
00-0026035,OneFlag,1,17,0.0588235294118,2016,Danny Amendola,WR,NE
00-0026035,TwoFlag,1,17,0.0588235294118,2016,Danny Amendola,WR,NE
00-0026143,OneFlag,12,17,0.705882352941,2016,Matt Ryan,QB,ATL
00-0026143,TwoFlag,16,17,0.941176470588,2016,Matt Ryan,QB,ATL
00-0026153,OneFlag,5,17,0.294117647059,2016,Jonathan Stewart,RB,CAR
00-0026153,TwoFlag,7,17,0.411764705882,2016,Jonathan Stewart,RB,CAR
00-0026158,OneFlag,5,17,0.294117647059,2016,Joe Flacco,QB,BAL
00-0026158,TwoFlag,16,17,0.941176470588,2016,Joe Flacco,QB,BAL
00-0026164,OneFlag,0,17,0.0,2016,Chris Johnson,RB,ARI
00-0026164,TwoFlag,1,17,0.0588235294118,2016,Chris Johnson,RB,ARI
00-0026176,OneFlag,9,17,0.529411764706,2016,Jordy Nelson,WR,GB
00-0026176,TwoFlag,11,17,0.647058823529,2016,Jordy Nelson,WR,GB
00-0026182,OneFlag,1,17,0.0588235294118,2016,Eddie Royal,WR,CHI
00-0026182,TwoFlag,3,17,0.176470588235,2016,Eddie Royal,WR,CHI
00-0026184,OneFlag,6,17,0.352941176471,2016,Matt Forte,RB,NYJ
00-0026184,TwoFlag,7,17,0.411764705882,2016,Matt Forte,RB,NYJ
00-0026189,OneFlag,3,17,0.176470588235,2016,DeSean Jackson,WR,WAS
00-0026189,TwoFlag,7,17,0.411764705882,2016,DeSean Jackson,WR,WAS
00-0026197,OneFlag,0,17,0.0,2016,Chad Henne,QB,JAC
00-0026197,TwoFlag,0,17,0.0,2016,Chad Henne,QB,JAC
00-0026201,OneFlag,7,17,0.411764705882,2016,Martellus Bennett,TE,NE
00-0026201,TwoFlag,10,17,0.588235294118,2016,Martellus Bennett,TE,NE
00-0026213,OneFlag,0,17,0.0,2016,Jamaal Charles,RB,KC
00-0026213,TwoFlag,1,17,0.0588235294118,2016,Jamaal Charles,RB,KC
00-0026224,OneFlag,0,17,0.0,2016,Harry Douglas,WR,TEN
00-0026224,TwoFlag,0,17,0.0,2016,Harry Douglas,WR,TEN
00-0026267,OneFlag,3,17,0.176470588235,2016,Jacob Tamme,TE,ATL
00-0026267,TwoFlag,5,17,0.294117647059,2016,Jacob Tamme,TE,ATL
00-0026281,OneFlag,5,17,0.294117647059,2016,Gary Barnidge,TE,CLE
00-0026281,TwoFlag,13,17,0.764705882353,2016,Gary Barnidge,TE,CLE
00-0026289,OneFlag,4,17,0.235294117647,2016,Tim Hightower,RB,NO
00-0026289,TwoFlag,6,17,0.352941176471,2016,Tim Hightower,RB,NO
00-0026293,OneFlag,0,17,0.0,2016,Matthew Slater,WR,NE
00-0026293,TwoFlag,0,17,0.0,2016,Matthew Slater,WR,NE
00-0026298,OneFlag,0,17,0.0,2016,Kellen Davis,TE,NYJ
00-0026298,TwoFlag,0,17,0.0,2016,Kellen Davis,TE,NYJ
00-0026345,OneFlag,1,17,0.0588235294118,2016,Pierre Garcon,WR,WAS
00-0026345,TwoFlag,4,17,0.235294117647,2016,Pierre Garcon,WR,WAS
00-0026373,OneFlag,0,17,0.0,2016,Justin Forsett,RB,BAL
00-0026373,TwoFlag,1,17,0.0588235294118,2016,Justin Forsett,RB,BAL
00-0026498,OneFlag,8,17,0.470588235294,2016,Matthew Stafford,QB,DET
00-0026498,TwoFlag,15,17,0.882352941176,2016,Matthew Stafford,QB,DET
00-0026544,OneFlag,0,17,0.0,2016,Chase Daniel,QB,PHI
00-0026544,TwoFlag,0,17,0.0,2016,Chase Daniel,QB,PHI
00-0026625,OneFlag,3,17,0.176470588235,2016,Brian Hoyer,QB,CHI
00-0026625,TwoFlag,4,17,0.235294117647,2016,Brian Hoyer,QB,CHI
00-0026739,OneFlag,0,17,0.0,2016,Jordan Norwood,WR,DEN
00-0026739,TwoFlag,1,17,0.0588235294118,2016,Jordan Norwood,WR,DEN
00-0026796,OneFlag,0,17,0.0,2016,Arian Foster,RB,MIA
00-0026796,TwoFlag,1,17,0.0588235294118,2016,Arian Foster,RB,MIA
00-0026898,OneFlag,0,17,0.0,2016,Mark Sanchez,QB,DAL
00-0026898,TwoFlag,0,17,0.0,2016,Mark Sanchez,QB,DAL
00-0026901,OneFlag,3,17,0.176470588235,2016,Mike Wallace,WR,BAL
00-0026901,TwoFlag,5,17,0.294117647059,2016,Mike Wallace,WR,BAL
00-0026932,OneFlag,0,17,0.0,2016,Cedric Peerman,RB,CIN
00-0026932,TwoFlag,0,17,0.0,2016,Cedric Peerman,RB,CIN
00-0026957,OneFlag,0,17,0.0,2016,David Johnson,TE,PIT
00-0026957,TwoFlag,1,17,0.0588235294118,2016,David Johnson,TE,PIT
00-0026983,OneFlag,1,17,0.0588235294118,2016,Darrius Heyward-Bey,WR,PIT
00-0026983,TwoFlag,1,17,0.0588235294118,2016,Darrius Heyward-Bey,WR,PIT
00-0026986,OneFlag,4,17,0.235294117647,2016,Michael Crabtree,WR,OAK
00-0026986,TwoFlag,9,17,0.529411764706,2016,Michael Crabtree,WR,OAK
00-0026995,OneFlag,0,17,0.0,2016,Jeremy Maclin,WR,KC
00-0026995,TwoFlag,2,17,0.117647058824,2016,Jeremy Maclin,WR,KC
00-0027006,OneFlag,2,17,0.117647058824,2016,Kenny Britt,WR,LA
00-0027006,TwoFlag,5,17,0.294117647059,2016,Kenny Britt,WR,LA
00-0027029,OneFlag,10,17,0.588235294118,2016,LeSean McCoy,RB,BUF
00-0027029,TwoFlag,13,17,0.764705882353,2016,LeSean McCoy,RB,BUF
00-0027057,OneFlag,0,17,0.0,2016,Brandon Tate,WR,BUF
00-0027057,TwoFlag,0,17,0.0,2016,Brandon Tate,WR,BUF
00-0027061,OneFlag,2,17,0.117647058824,2016,Jared Cook,TE,GB
00-0027061,TwoFlag,5,17,0.294117647059,2016,Jared Cook,TE,GB
00-0027125,OneFlag,6,17,0.352941176471,2016,Zach Miller,TE,CHI
00-0027125,TwoFlag,9,17,0.529411764706,2016,Zach Miller,TE,CHI
00-0027135,OneFlag,1,17,0.0588235294118,2016,Brandon Myers,TE,TB
00-0027135,TwoFlag,1,17,0.0588235294118,2016,Brandon Myers,TE,TB
00-0027139,OneFlag,1,17,0.0588235294118,2016,John Phillips,TE,DEN
00-0027139,TwoFlag,2,17,0.117647058824,2016,John Phillips,TE,DEN
00-0027150,OneFlag,2,17,0.117647058824,2016,Julian Edelman,WR,NE
00-0027150,TwoFlag,4,17,0.235294117647,2016,Julian Edelman,WR,NE
00-0027155,OneFlag,2,17,0.117647058824,2016,Rashad Jennings,RB,NYG
00-0027155,TwoFlag,5,17,0.294117647059,2016,Rashad Jennings,RB,NYG
00-0027215,OneFlag,0,17,0.0,2016,Logan Paulsen,TE,CHI
00-0027215,TwoFlag,0,17,0.0,2016,Logan Paulsen,TE,CHI
00-0027265,OneFlag,0,17,0.0,2016,Victor Cruz,WR,NYG
00-0027265,TwoFlag,0,17,0.0,2016,Victor Cruz,WR,NYG
00-0027325,OneFlag,9,17,0.529411764706,2016,LeGarrette Blount,RB,NE
00-0027325,TwoFlag,15,17,0.882352941176,2016,LeGarrette Blount,RB,NE
00-0027531,OneFlag,2,17,0.117647058824,2016,Chris Ivory,RB,JAC
00-0027531,TwoFlag,5,17,0.294117647059,2016,Chris Ivory,RB,JAC
00-0027595,OneFlag,0,17,0.0,2016,Bryan Walters,WR,JAC
00-0027595,TwoFlag,2,17,0.117647058824,2016,Bryan Walters,WR,JAC
00-0027654,OneFlag,0,17,0.0,2016,Arrelious Benn,WR,JAC
00-0027654,TwoFlag,1,17,0.0588235294118,2016,Arrelious Benn,WR,JAC
00-0027656,OneFlag,4,17,0.235294117647,2016,Rob Gronkowski,TE,NE
00-0027656,TwoFlag,5,17,0.294117647059,2016,Rob Gronkowski,TE,NE
00-0027675,OneFlag,1,17,0.0588235294118,2016,Ed Dickson,TE,CAR
00-0027675,TwoFlag,3,17,0.176470588235,2016,Ed Dickson,TE,CAR
00-0027681,OneFlag,4,17,0.235294117647,2016,Brandon LaFell,WR,CIN
00-0027681,TwoFlag,4,17,0.235294117647,2016,Brandon LaFell,WR,CIN
00-0027685,OneFlag,4,17,0.235294117647,2016,Emmanuel Sanders,WR,DEN
00-0027685,TwoFlag,4,17,0.235294117647,2016,Emmanuel Sanders,WR,DEN
00-0027690,OneFlag,1,17,0.0588235294118,2016,Eric Decker,WR,NYJ
00-0027690,TwoFlag,1,17,0.0588235294118,2016,Eric Decker,WR,NYJ
00-0027691,OneFlag,0,17,0.0,2016,Andre Roberts,WR,DET
00-0027691,TwoFlag,1,17,0.0588235294118,2016,Andre Roberts,WR,DET
00-0027696,OneFlag,8,17,0.470588235294,2016,Jimmy Graham,TE,SEA
00-0027696,TwoFlag,14,17,0.823529411765,2016,Jimmy Graham,TE,SEA
00-0027714,OneFlag,6,17,0.352941176471,2016,Dennis Pitta,TE,BAL
00-0027714,TwoFlag,11,17,0.647058823529,2016,Dennis Pitta,TE,BAL
00-0027725,OneFlag,0,17,0.0,2016,Clay Harbor,TE,NE
00-0027725,TwoFlag,1,17,0.0588235294118,2016,Clay Harbor,TE,NE
00-0027791,OneFlag,1,17,0.0588235294118,2016,James Starks,RB,GB
00-0027791,TwoFlag,3,17,0.176470588235,2016,James Starks,RB,GB
00-0027793,OneFlag,8,17,0.470588235294,2016,Antonio Brown,WR,PIT
00-0027793,TwoFlag,10,17,0.588235294118,2016,Antonio Brown,WR,PIT
00-0027796,OneFlag,0,17,0.0,2016,Joe Webb,QB,CAR
00-0027796,TwoFlag,0,17,0.0,2016,Joe Webb,QB,CAR
00-0027816,OneFlag,0,17,0.0,2016,Marc Mariani,WR,TEN
00-0027816,TwoFlag,0,17,0.0,2016,Marc Mariani,WR,TEN
00-0027854,OneFlag,8,17,0.470588235294,2016,Sam Bradford,QB,MIN
00-0027854,TwoFlag,14,17,0.823529411765,2016,Sam Bradford,QB,MIN
00-0027861,OneFlag,0,17,0.0,2016,C.J. Spiller,RB,NO
00-0027861,TwoFlag,1,17,0.0588235294118,2016,C.J. Spiller,RB,NO
00-0027864,OneFlag,4,17,0.235294117647,2016,Ryan Mathews,RB,PHI
00-0027864,TwoFlag,6,17,0.352941176471,2016,Ryan Mathews,RB,PHI
00-0027873,OneFlag,3,17,0.176470588235,2016,Jermaine Gresham,TE,ARI
00-0027873,TwoFlag,10,17,0.588235294118,2016,Jermaine Gresham,TE,ARI
00-0027874,OneFlag,3,17,0.176470588235,2016,Demaryius Thomas,WR,DEN
00-0027874,TwoFlag,7,17,0.411764705882,2016,Demaryius Thomas,WR,DEN
00-0027891,OneFlag,5,17,0.294117647059,2016,Golden Tate,WR,DET
00-0027891,TwoFlag,6,17,0.352941176471,2016,Golden Tate,WR,DET
00-0027902,OneFlag,5,17,0.294117647059,2016,Dez Bryant,WR,DAL
00-0027902,TwoFlag,7,17,0.411764705882,2016,Dez Bryant,WR,DAL
00-0027918,OneFlag,1,17,0.0588235294118,2016,Andrew Hawkins,WR,CLE
00-0027918,TwoFlag,2,17,0.117647058824,2016,Andrew Hawkins,WR,CLE
00-0027939,OneFlag,6,17,0.352941176471,2016,Cam Newton,QB,CAR
00-0027939,TwoFlag,15,17,0.882352941176,2016,Cam Newton,QB,CAR
00-0027942,OneFlag,3,17,0.176470588235,2016,A.J. Green,WR,CIN
00-0027942,TwoFlag,6,17,0.352941176471,2016,A.J. Green,WR,CIN
00-0027944,OneFlag,8,17,0.470588235294,2016,Julio Jones,WR,ATL
00-0027944,TwoFlag,9,17,0.529411764706,2016,Julio Jones,WR,ATL
00-0027948,OneFlag,2,17,0.117647058824,2016,Blaine Gabbert,QB,SF
00-0027948,TwoFlag,4,17,0.235294117647,2016,Blaine Gabbert,QB,SF
00-0027966,OneFlag,6,17,0.352941176471,2016,Mark Ingram,RB,NO
00-0027966,TwoFlag,9,17,0.529411764706,2016,Mark Ingram,RB,NO
00-0027973,OneFlag,8,17,0.470588235294,2016,Andy Dalton,QB,CIN
00-0027973,TwoFlag,16,17,0.941176470588,2016,Andy Dalton,QB,CIN
00-0027974,OneFlag,7,17,0.411764705882,2016,Colin Kaepernick,QB,SF
00-0027974,TwoFlag,10,17,0.588235294118,2016,Colin Kaepernick,QB,SF
00-0027981,OneFlag,10,17,0.588235294118,2016,Kyle Rudolph,TE,MIN
00-0027981,TwoFlag,15,17,0.882352941176,2016,Kyle Rudolph,TE,MIN
00-0027985,OneFlag,4,17,0.235294117647,2016,Lance Kendricks,TE,LA
00-0027985,TwoFlag,8,17,0.470588235294,2016,Lance Kendricks,TE,LA
00-0027994,OneFlag,0,17,0.0,2016,Shane Vereen,RB,NYG
00-0027994,TwoFlag,1,17,0.0588235294118,2016,Shane Vereen,RB,NYG
00-0027996,OneFlag,1,17,0.0588235294118,2016,Torrey Smith,WR,SF
00-0027996,TwoFlag,2,17,0.117647058824,2016,Torrey Smith,WR,SF
00-0028002,OneFlag,1,17,0.0588235294118,2016,Randall Cobb,WR,GB
00-0028002,TwoFlag,4,17,0.235294117647,2016,Randall Cobb,WR,GB
00-0028009,OneFlag,12,17,0.705882352941,2016,DeMarco Murray,RB,TEN
00-0028009,TwoFlag,14,17,0.823529411765,2016,DeMarco Murray,RB,TEN
00-0028012,OneFlag,0,17,0.0,2016,Ryan Mallett,QB,BAL
00-0028012,TwoFlag,0,17,0.0,2016,Ryan Mallett,QB,BAL
00-0028040,OneFlag,1,17,0.0588235294118,2016,Jordan Cameron,TE,MIA
00-0028040,TwoFlag,1,17,0.0588235294118,2016,Jordan Cameron,TE,MIA
00-0028042,OneFlag,0,17,0.0,2016,Luke Stocker,TE,TB
00-0028042,TwoFlag,0,17,0.0,2016,Luke Stocker,TE,TB
00-0028050,OneFlag,1,17,0.0588235294118,2016,Greg Salas,WR,BUF
00-0028050,TwoFlag,1,17,0.0588235294118,2016,Greg Salas,WR,BUF
00-0028063,OneFlag,0,17,0.0,2016,Taiwan Jones,RB,OAK
00-0028063,TwoFlag,0,17,0.0,2016,Taiwan Jones,RB,OAK
00-0028064,OneFlag,5,17,0.294117647059,2016,Bilal Powell,RB,NYJ
00-0028064,TwoFlag,6,17,0.352941176471,2016,Bilal Powell,RB,NYJ
00-0028067,OneFlag,4,17,0.235294117647,2016,Julius Thomas,TE,JAC
00-0028067,TwoFlag,6,17,0.352941176471,2016,Julius Thomas,TE,JAC
00-0028087,OneFlag,0,17,0.0,2016,Dion Lewis,RB,NE
00-0028087,TwoFlag,1,17,0.0588235294118,2016,Dion Lewis,RB,NE
00-0028091,OneFlag,2,17,0.117647058824,2016,Jeremy Kerley,WR,SF
00-0028091,TwoFlag,3,17,0.176470588235,2016,Jeremy Kerley,WR,SF
00-0028093,OneFlag,0,17,0.0,2016,Niles Paul,TE,WAS
00-0028093,TwoFlag,0,17,0.0,2016,Niles Paul,TE,WAS
00-0028097,OneFlag,0,17,0.0,2016,Lee Smith,TE,OAK
00-0028097,TwoFlag,0,17,0.0,2016,Lee Smith,TE,OAK
00-0028112,OneFlag,4,17,0.235294117647,2016,Charles Clay,TE,BUF
00-0028112,TwoFlag,9,17,0.529411764706,2016,Charles Clay,TE,BUF
00-0028114,OneFlag,0,17,0.0,2016,Dwayne Harris,WR,NYG
00-0028114,TwoFlag,0,17,0.0,2016,Dwayne Harris,WR,NYG
00-0028116,OneFlag,0,17,0.0,2016,Aldrick Robinson,WR,ATL
00-0028116,TwoFlag,2,17,0.117647058824,2016,Aldrick Robinson,WR,ATL
00-0028118,OneFlag,10,17,0.588235294118,2016,Tyrod Taylor,QB,BUF
00-0028118,TwoFlag,14,17,0.823529411765,2016,Tyrod Taylor,QB,BUF
00-0028121,OneFlag,0,17,0.0,2016,Jordan Todman,RB,IND
00-0028121,TwoFlag,1,17,0.0588235294118,2016,Jordan Todman,RB,IND
00-0028142,OneFlag,1,17,0.0588235294118,2016,Virgil Green,TE,DEN
00-0028142,TwoFlag,5,17,0.294117647059,2016,Virgil Green,TE,DEN
00-0028198,OneFlag,1,17,0.0588235294118,2016,Matt Asiata,RB,MIN
00-0028198,TwoFlag,8,17,0.470588235294,2016,Matt Asiata,RB,MIN
00-0028202,OneFlag,1,17,0.0588235294118,2016,Shaun Draughn,RB,SF
00-0028202,TwoFlag,4,17,0.235294117647,2016,Shaun Draughn,RB,SF
00-0028237,OneFlag,2,17,0.117647058824,2016,Chris Hogan,WR,NE
00-0028237,TwoFlag,5,17,0.294117647059,2016,Chris Hogan,WR,NE
00-0028263,OneFlag,0,17,0.0,2016,Andre Holmes,WR,OAK
00-0028263,TwoFlag,0,17,0.0,2016,Andre Holmes,WR,OAK
00-0028409,OneFlag,1,17,0.0588235294118,2016,DuJuan Harris,RB,SF
00-0028409,TwoFlag,1,17,0.0588235294118,2016,DuJuan Harris,RB,SF
00-0028411,OneFlag,2,17,0.117647058824,2016,Dontrelle Inman,WR,SD
00-0028411,TwoFlag,4,17,0.235294117647,2016,Dontrelle Inman,WR,SD
00-0028434,OneFlag,5,17,0.294117647059,2016,Doug Baldwin,WR,SEA
00-0028434,TwoFlag,6,17,0.352941176471,2016,Doug Baldwin,WR,SEA
00-0028497,OneFlag,0,17,0.0,2016,Kamar Aiken,WR,BAL
00-0028497,TwoFlag,0,17,0.0,2016,Kamar Aiken,WR,BAL
00-0028595,OneFlag,0,17,0.0,2016,Scott Tolzien,QB,IND
00-0028595,TwoFlag,0,17,0.0,2016,Scott Tolzien,QB,IND
00-0028795,OneFlag,0,17,0.0,2016,Chase Reynolds,RB,LA
00-0028795,TwoFlag,0,17,0.0,2016,Chase Reynolds,RB,LA
00-0028825,OneFlag,2,17,0.117647058824,2016,Terrelle Pryor,WR,CLE
00-0028825,TwoFlag,8,17,0.470588235294,2016,Terrelle Pryor,WR,CLE
00-0028838,OneFlag,1,17,0.0588235294118,2016,Larry Donnell,TE,NYG
00-0028838,TwoFlag,2,17,0.117647058824,2016,Larry Donnell,TE,NYG
00-0028903,OneFlag,3,17,0.176470588235,2016,Garrett Celek,TE,SF
00-0028903,TwoFlag,8,17,0.470588235294,2016,Garrett Celek,TE,SF
00-0028986,OneFlag,2,17,0.117647058824,2016,Case Keenum,QB,LA
00-0028986,TwoFlag,8,17,0.470588235294,2016,Case Keenum,QB,LA
00-0028987,OneFlag,0,17,0.0,2016,Phillip Supernaw,TE,TEN
00-0028987,TwoFlag,1,17,0.0588235294118,2016,Phillip Supernaw,TE,TEN
00-0029000,OneFlag,2,17,0.117647058824,2016,Cole Beasley,WR,DAL
00-0029000,TwoFlag,4,17,0.235294117647,2016,Cole Beasley,WR,DAL
00-0029004,OneFlag,0,17,0.0,2016,Lance Dunbar,RB,DAL
00-0029004,TwoFlag,0,17,0.0,2016,Lance Dunbar,RB,DAL
00-0029119,OneFlag,0,17,0.0,2016,Derek Carrier,TE,WAS
00-0029119,TwoFlag,0,17,0.0,2016,Derek Carrier,TE,WAS
00-0029129,OneFlag,0,17,0.0,2016,Rod Streater,WR,SF
00-0029129,TwoFlag,1,17,0.0588235294118,2016,Rod Streater,WR,SF
00-0029137,OneFlag,1,17,0.0588235294118,2016,Alshon Jeffery,WR,CHI
00-0029137,TwoFlag,4,17,0.235294117647,2016,Alshon Jeffery,WR,CHI
00-0029141,OneFlag,0,17,0.0,2016,Alfred Morris,RB,DAL
00-0029141,TwoFlag,2,17,0.117647058824,2016,Alfred Morris,RB,DAL
00-0029159,OneFlag,0,17,0.0,2016,Jermaine Kearse,WR,SEA
00-0029159,TwoFlag,0,17,0.0,2016,Jermaine Kearse,WR,SEA
00-0029205,OneFlag,0,17,0.0,2016,Travaris Cadet,RB,NO
00-0029205,TwoFlag,2,17,0.117647058824,2016,Travaris Cadet,RB,NO
00-0029239,OneFlag,0,17,0.0,2016,Brandon Bolden,RB,NE
00-0029239,TwoFlag,0,17,0.0,2016,Brandon Bolden,RB,NE
00-0029263,OneFlag,8,17,0.470588235294,2016,Russell Wilson,QB,SEA
00-0029263,TwoFlag,14,17,0.823529411765,2016,Russell Wilson,QB,SEA
00-0029269,OneFlag,2,17,0.117647058824,2016,Travis Benjamin,WR,SD
00-0029269,TwoFlag,4,17,0.235294117647,2016,Travis Benjamin,WR,SD
00-0029273,OneFlag,1,17,0.0588235294118,2016,Robert Turbin,RB,IND
00-0029273,TwoFlag,5,17,0.294117647059,2016,Robert Turbin,RB,IND
00-0029275,OneFlag,3,17,0.176470588235,2016,Ladarius Green,TE,PIT
00-0029275,TwoFlag,4,17,0.235294117647,2016,Ladarius Green,TE,PIT
00-0029293,OneFlag,1,17,0.0588235294118,2016,Marvin Jones,WR,DET
00-0029293,TwoFlag,4,17,0.235294117647,2016,Marvin Jones,WR,DET
00-0029319,OneFlag,0,17,0.0,2016,Josh Bellamy,WR,CHI
00-0029319,TwoFlag,1,17,0.0588235294118,2016,Josh Bellamy,WR,CHI
00-0029384,OneFlag,0,17,0.0,2016,Bobby Rainey,RB,NYG
00-0029384,TwoFlag,1,17,0.0588235294118,2016,Bobby Rainey,RB,NYG
00-0029388,OneFlag,0,17,0.0,2016,Deonte Thompson,WR,CHI
00-0029388,TwoFlag,2,17,0.117647058824,2016,Deonte Thompson,WR,CHI
00-0029391,OneFlag,0,17,0.0,2016,Sean McGrath,TE,SD
00-0029391,TwoFlag,0,17,0.0,2016,Sean McGrath,TE,SD
00-0029394,OneFlag,0,17,0.0,2016,Brenton Bersin,WR,CAR
00-0029394,TwoFlag,0,17,0.0,2016,Brenton Bersin,WR,CAR
00-0029492,OneFlag,1,17,0.0588235294118,2016,Jamize Olawale,RB,OAK
00-0029492,TwoFlag,2,17,0.117647058824,2016,Jamize Olawale,RB,OAK
00-0029510,OneFlag,0,17,0.0,2016,Jonathan Grimes,RB,HOU
00-0029510,TwoFlag,0,17,0.0,2016,Jonathan Grimes,RB,HOU
00-0029567,OneFlag,0,17,0.0,2016,Nick Foles,QB,KC
00-0029567,TwoFlag,2,17,0.117647058824,2016,Nick Foles,QB,KC
00-0029572,OneFlag,0,17,0.0,2016,Jarius Wright,WR,MIN
00-0029572,TwoFlag,1,17,0.0588235294118,2016,Jarius Wright,WR,MIN
00-0029580,OneFlag,4,17,0.235294117647,2016,Rishard Matthews,WR,TEN
00-0029580,TwoFlag,8,17,0.470588235294,2016,Rishard Matthews,WR,TEN
00-0029587,OneFlag,1,17,0.0588235294118,2016,Rhett Ellison,TE,MIN
00-0029587,TwoFlag,1,17,0.0588235294118,2016,Rhett Ellison,TE,MIN
00-0029601,OneFlag,0,17,0.0,2016,Brandon Bostick,TE,NYJ
00-0029601,TwoFlag,0,17,0.0,2016,Brandon Bostick,TE,NYJ
00-0029604,OneFlag,11,17,0.647058823529,2016,Kirk Cousins,QB,WAS
00-0029604,TwoFlag,16,17,0.941176470588,2016,Kirk Cousins,QB,WAS
00-0029608,OneFlag,6,17,0.352941176471,2016,T.Y. Hilton,WR,IND
00-0029608,TwoFlag,9,17,0.529411764706,2016,T.Y. Hilton,WR,IND
00-0029612,OneFlag,0,17,0.0,2016,Daryl Richardson,RB,PIT
00-0029612,TwoFlag,0,17,0.0,2016,Daryl Richardson,RB,PIT
00-0029613,OneFlag,3,17,0.176470588235,2016,Doug Martin,RB,TB
00-0029613,TwoFlag,6,17,0.352941176471,2016,Doug Martin,RB,TB
00-0029615,OneFlag,4,17,0.235294117647,2016,Lamar Miller,RB,HOU
00-0029615,TwoFlag,10,17,0.588235294118,2016,Lamar Miller,RB,HOU
00-0029626,OneFlag,0,17,0.0,2016,Isaiah Pead,RB,MIA
00-0029626,TwoFlag,0,17,0.0,2016,Isaiah Pead,RB,MIA
00-0029632,OneFlag,2,17,0.117647058824,2016,Mohamed Sanu,WR,ATL
00-0029632,TwoFlag,4,17,0.235294117647,2016,Mohamed Sanu,WR,ATL
00-0029638,OneFlag,0,17,0.0,2016,Michael Floyd,WR,ARI
00-0029638,TwoFlag,2,17,0.117647058824,2016,Michael Floyd,WR,ARI
00-0029640,OneFlag,1,17,0.0588235294118,2016,Brian Quick,WR,LA
00-0029640,TwoFlag,2,17,0.117647058824,2016,Brian Quick,WR,LA
00-0029665,OneFlag,2,17,0.117647058824,2016,Robert Griffin III,QB,CLE
00-0029665,TwoFlag,4,17,0.235294117647,2016,Robert Griffin III,QB,CLE
00-0029668,OneFlag,12,17,0.705882352941,2016,Andrew Luck,QB,IND
00-0029668,TwoFlag,15,17,0.882352941176,2016,Andrew Luck,QB,IND
00-0029682,OneFlag,2,17,0.117647058824,2016,Brock Osweiler,QB,HOU
00-0029682,TwoFlag,12,17,0.705882352941,2016,Brock Osweiler,QB,HOU
00-0029689,OneFlag,4,17,0.235294117647,2016,Dwayne Allen,TE,IND
00-0029689,TwoFlag,7,17,0.411764705882,2016,Dwayne Allen,TE,IND
00-0029697,OneFlag,5,17,0.294117647059,2016,Coby Fleener,TE,NO
00-0029697,TwoFlag,9,17,0.529411764706,2016,Coby Fleener,TE,NO
00-0029701,OneFlag,6,17,0.352941176471,2016,Ryan Tannehill,QB,MIA
00-0029701,TwoFlag,12,17,0.705882352941,2016,Ryan Tannehill,QB,MIA
00-0029708,OneFlag,2,17,0.117647058824,2016,Kendall Wright,WR,TEN
00-0029708,TwoFlag,2,17,0.117647058824,2016,Kendall Wright,WR,TEN
00-0029731,OneFlag,0,17,0.0,2016,Fozzy Whittaker,RB,CAR
00-0029731,TwoFlag,2,17,0.117647058824,2016,Fozzy Whittaker,RB,CAR
00-0029738,OneFlag,1,17,0.0588235294118,2016,Darren Fells,TE,ARI
00-0029738,TwoFlag,2,17,0.117647058824,2016,Darren Fells,TE,ARI
00-0029793,OneFlag,0,17,0.0,2016,Brandon Williams,TE,SEA
00-0029793,TwoFlag,0,17,0.0,2016,Brandon Williams,TE,SEA
00-0029795,OneFlag,0,17,0.0,2016,Benny Cunningham,RB,LA
00-0029795,TwoFlag,0,17,0.0,2016,Benny Cunningham,RB,LA
00-0029854,OneFlag,3,17,0.176470588235,2016,C.J. Anderson,RB,DEN
00-0029854,TwoFlag,5,17,0.294117647059,2016,C.J. Anderson,RB,DEN
00-0029878,OneFlag,1,17,0.0588235294118,2016,MarQueis Gray,TE,MIA
00-0029878,TwoFlag,2,17,0.117647058824,2016,MarQueis Gray,TE,MIA
00-0030035,OneFlag,3,17,0.176470588235,2016,Adam Thielen,WR,MIN
00-0030035,TwoFlag,4,17,0.235294117647,2016,Adam Thielen,WR,MIN
00-0030047,OneFlag,1,17,0.0588235294118,2016,Marquess Wilson,WR,CHI
00-0030047,TwoFlag,1,17,0.0588235294118,2016,Marquess Wilson,WR,CHI
00-0030061,OneFlag,6,17,0.352941176471,2016,Zach Ertz,TE,PHI
00-0030061,TwoFlag,12,17,0.705882352941,2016,Zach Ertz,TE,PHI
00-0030068,OneFlag,2,17,0.117647058824,2016,Marquise Goodwin,WR,BUF
00-0030068,TwoFlag,2,17,0.117647058824,2016,Marquise Goodwin,WR,BUF
00-0030085,OneFlag,2,17,0.117647058824,2016,Kenny Stills,WR,MIA
00-0030085,TwoFlag,7,17,0.411764705882,2016,Kenny Stills,WR,MIA
00-0030089,OneFlag,2,17,0.117647058824,2016,Luke Willson,TE,SEA
00-0030089,TwoFlag,3,17,0.176470588235,2016,Luke Willson,TE,SEA
00-0030091,OneFlag,0,17,0.0,2016,Tavarres King,WR,NYG
00-0030091,TwoFlag,0,17,0.0,2016,Tavarres King,WR,NYG
00-0030107,OneFlag,3,17,0.176470588235,2016,Theo Riddick,RB,DET
00-0030107,TwoFlag,5,17,0.294117647059,2016,Theo Riddick,RB,DET
00-0030108,OneFlag,3,17,0.176470588235,2016,Ryan Griffin,TE,HOU
00-0030108,TwoFlag,11,17,0.647058823529,2016,Ryan Griffin,TE,HOU
00-0030113,OneFlag,0,17,0.0,2016,Charles Johnson,WR,MIN
00-0030113,TwoFlag,0,17,0.0,2016,Charles Johnson,WR,MIN
00-0030147,OneFlag,1,17,0.0588235294118,2016,Russell Shepard,WR,TB
00-0030147,TwoFlag,1,17,0.0588235294118,2016,Russell Shepard,WR,TB
00-0030155,OneFlag,1,17,0.0588235294118,2016,Demetrius Harris,TE,KC
00-0030155,TwoFlag,1,17,0.0588235294118,2016,Demetrius Harris,TE,KC
00-0030181,OneFlag,5,17,0.294117647059,2016,Jack Doyle,TE,IND
00-0030181,TwoFlag,11,17,0.647058823529,2016,Jack Doyle,TE,IND
00-0030187,OneFlag,0,17,0.0,2016,Rashad Ross,WR,WAS
00-0030187,TwoFlag,0,17,0.0,2016,Rashad Ross,WR,WAS
00-0030216,OneFlag,2,17,0.117647058824,2016,Josh Hill,TE,NO
00-0030216,TwoFlag,3,17,0.176470588235,2016,Josh Hill,TE,NO
00-0030279,OneFlag,0,17,0.0,2016,Keenan Allen,WR,SD
00-0030279,TwoFlag,0,17,0.0,2016,Keenan Allen,WR,SD
00-0030280,OneFlag,0,17,0.0,2016,Knile Davis,RB,KC
00-0030280,TwoFlag,0,17,0.0,2016,Knile Davis,RB,KC
00-0030282,OneFlag,0,17,0.0,2016,Stepfan Taylor,RB,ARI
00-0030282,TwoFlag,0,17,0.0,2016,Stepfan Taylor,RB,ARI
00-0030287,OneFlag,0,17,0.0,2016,Andre Ellington,RB,ARI
00-0030287,TwoFlag,0,17,0.0,2016,Andre Ellington,RB,ARI
00-0030288,OneFlag,1,17,0.0588235294118,2016,Rex Burkhead,RB,CIN
00-0030288,TwoFlag,1,17,0.0588235294118,2016,Rex Burkhead,RB,CIN
00-0030300,OneFlag,1,17,0.0588235294118,2016,Jaron Brown,WR,ARI
00-0030300,TwoFlag,1,17,0.0588235294118,2016,Jaron Brown,WR,ARI
00-0030391,OneFlag,0,17,0.0,2016,Mike James,RB,TB
00-0030391,TwoFlag,0,17,0.0,2016,Mike James,RB,TB
00-0030404,OneFlag,1,17,0.0588235294118,2016,Chris Thompson,RB,WAS
00-0030404,TwoFlag,5,17,0.294117647059,2016,Chris Thompson,RB,WAS
00-0030414,OneFlag,4,17,0.235294117647,2016,Spencer Ware,RB,KC
00-0030414,TwoFlag,9,17,0.529411764706,2016,Spencer Ware,RB,KC
00-0030419,OneFlag,0,17,0.0,2016,Matt McGloin,QB,OAK
00-0030419,TwoFlag,0,17,0.0,2016,Matt McGloin,QB,OAK
00-0030422,OneFlag,3,17,0.176470588235,2016,Dion Sims,TE,MIA
00-0030422,TwoFlag,6,17,0.352941176471,2016,Dion Sims,TE,MIA
00-0030431,OneFlag,1,17,0.0588235294118,2016,Robert Woods,WR,BUF
00-0030431,TwoFlag,2,17,0.117647058824,2016,Robert Woods,WR,BUF
00-0030432,OneFlag,3,17,0.176470588235,2016,Christine Michael,RB,SEA
00-0030432,TwoFlag,6,17,0.352941176471,2016,Christine Michael,RB,SEA
00-0030433,OneFlag,2,17,0.117647058824,2016,Mike Gillislee,RB,BUF
00-0030433,TwoFlag,9,17,0.529411764706,2016,Mike Gillislee,RB,BUF
00-0030443,OneFlag,2,17,0.117647058824,2016,Levine Toilolo,TE,ATL
00-0030443,TwoFlag,4,17,0.235294117647,2016,Levine Toilolo,TE,ATL
00-0030450,OneFlag,0,17,0.0,2016,Quinton Patton,WR,SF
00-0030450,TwoFlag,1,17,0.0588235294118,2016,Quinton Patton,WR,SF
00-0030456,OneFlag,3,17,0.176470588235,2016,Giovani Bernard,RB,CIN
00-0030456,TwoFlag,5,17,0.294117647059,2016,Giovani Bernard,RB,CIN
00-0030460,OneFlag,0,17,0.0,2016,Markus Wheaton,WR,PIT
00-0030460,TwoFlag,1,17,0.0588235294118,2016,Markus Wheaton,WR,PIT
00-0030465,OneFlag,0,17,0.0,2016,Kenjon Barner,RB,PHI
00-0030465,TwoFlag,2,17,0.117647058824,2016,Kenjon Barner,RB,PHI
00-0030470,OneFlag,5,17,0.294117647059,2016,Vance McDonald,TE,SF
00-0030470,TwoFlag,7,17,0.411764705882,2016,Vance McDonald,TE,SF
00-0030472,OneFlag,6,17,0.352941176471,2016,Jordan Reed,TE,WAS
00-0030472,TwoFlag,10,17,0.588235294118,2016,Jordan Reed,TE,WAS
00-0030485,OneFlag,0,17,0.0,2016,Eddie Lacy,RB,GB
00-0030485,TwoFlag,3,17,0.176470588235,2016,Eddie Lacy,RB,GB
00-0030496,OneFlag,11,17,0.647058823529,2016,Le'Veon Bell,RB,PIT
00-0030496,TwoFlag,12,17,0.705882352941,2016,Le'Veon Bell,RB,PIT
00-0030506,OneFlag,9,17,0.529411764706,2016,Travis Kelce,TE,KC
00-0030506,TwoFlag,15,17,0.882352941176,2016,Travis Kelce,TE,KC
00-0030513,OneFlag,6,17,0.352941176471,2016,Latavius Murray,RB,OAK
00-0030513,TwoFlag,11,17,0.647058823529,2016,Latavius Murray,RB,OAK
00-0030514,OneFlag,2,17,0.117647058824,2016,Mychal Rivera,TE,OAK
00-0030514,TwoFlag,4,17,0.235294117647,2016,Mychal Rivera,TE,OAK
00-0030516,OneFlag,0,17,0.0,2016,Brice Butler,WR,DAL
00-0030516,TwoFlag,1,17,0.0588235294118,2016,Brice Butler,WR,DAL
00-0030520,OneFlag,0,17,0.0,2016,Mike Glennon,QB,TB
00-0030520,TwoFlag,1,17,0.0588235294118,2016,Mike Glennon,QB,TB
00-0030521,OneFlag,0,17,0.0,2016,Justin Hunter,WR,MIA
00-0030521,TwoFlag,1,17,0.0588235294118,2016,Justin Hunter,WR,MIA
00-0030524,OneFlag,1,17,0.0588235294118,2016,Landry Jones,QB,PIT
00-0030524,TwoFlag,2,17,0.117647058824,2016,Landry Jones,QB,PIT
00-0030525,OneFlag,1,17,0.0588235294118,2016,Tavon Austin,WR,LA
00-0030525,TwoFlag,5,17,0.294117647059,2016,Tavon Austin,WR,LA
00-0030526,OneFlag,0,17,0.0,2016,EJ Manuel,QB,BUF
00-0030526,TwoFlag,1,17,0.0588235294118,2016,EJ Manuel,QB,BUF
00-0030542,OneFlag,1,17,0.0588235294118,2016,Terrance Williams,WR,DAL
00-0030542,TwoFlag,3,17,0.176470588235,2016,Terrance Williams,WR,DAL
00-0030544,OneFlag,0,17,0.0,2016,Gavin Escobar,TE,DAL
00-0030544,TwoFlag,2,17,0.117647058824,2016,Gavin Escobar,TE,DAL
00-0030547,OneFlag,0,17,0.0,2016,Denard Robinson,RB,JAC
00-0030547,TwoFlag,0,17,0.0,2016,Denard Robinson,RB,JAC
00-0030549,OneFlag,5,17,0.294117647059,2016,Tyler Eifert,TE,CIN
00-0030549,TwoFlag,6,17,0.352941176471,2016,Tyler Eifert,TE,CIN
00-0030564,OneFlag,3,17,0.176470588235,2016,DeAndre Hopkins,WR,HOU
00-0030564,TwoFlag,5,17,0.294117647059,2016,DeAndre Hopkins,WR,HOU
00-0030565,OneFlag,0,17,0.0,2016,Geno Smith,QB,NYJ
00-0030565,TwoFlag,1,17,0.0588235294118,2016,Geno Smith,QB,NYJ
00-0030578,OneFlag,0,17,0.0,2016,Cordarrelle Patterson,WR,MIN
00-0030578,TwoFlag,3,17,0.176470588235,2016,Cordarrelle Patterson,WR,MIN
00-0030656,OneFlag,5,17,0.294117647059,2016,Isaiah Crowell,RB,CLE
00-0030656,TwoFlag,10,17,0.588235294118,2016,Isaiah Crowell,RB,CLE
00-0030663,OneFlag,2,17,0.117647058824,2016,Willie Snead,WR,NO
00-0030663,TwoFlag,4,17,0.235294117647,2016,Willie Snead,WR,NO
00-0030668,OneFlag,1,17,0.0588235294118,2016,Charcandrick West,RB,KC
00-0030668,TwoFlag,2,17,0.117647058824,2016,Charcandrick West,RB,KC
00-0030669,OneFlag,1,17,0.0588235294118,2016,Albert Wilson,WR,KC
00-0030669,TwoFlag,2,17,0.117647058824,2016,Albert Wilson,WR,KC
00-0030670,OneFlag,0,17,0.0,2016,Bennie Fowler,WR,DEN
00-0030670,TwoFlag,1,17,0.0588235294118,2016,Bennie Fowler,WR,DEN
00-0030671,OneFlag,0,17,0.0,2016,Isaiah Burse,WR,SD
00-0030671,TwoFlag,0,17,0.0,2016,Isaiah Burse,WR,SD
00-0030710,OneFlag,3,17,0.176470588235,2016,Trey Burton,TE,PHI
00-0030710,TwoFlag,5,17,0.294117647059,2016,Trey Burton,TE,PHI
00-0030758,OneFlag,0,17,0.0,2016,Justin Perillo,TE,GB
00-0030758,TwoFlag,0,17,0.0,2016,Justin Perillo,TE,GB
00-0030780,OneFlag,0,17,0.0,2016,Ryan Hewitt,TE,CIN
00-0030780,TwoFlag,0,17,0.0,2016,Ryan Hewitt,TE,CIN
00-0030789,OneFlag,0,17,0.0,2016,Antonio Andrews,RB,TEN
00-0030789,TwoFlag,0,17,0.0,2016,Antonio Andrews,RB,TEN
00-0030801,OneFlag,0,17,0.0,2016,Brandon Coleman,WR,NO
00-0030801,TwoFlag,0,17,0.0,2016,Brandon Coleman,WR,NO
00-0030821,OneFlag,1,17,0.0588235294118,2016,Allen Hurns,WR,JAC
00-0030821,TwoFlag,2,17,0.117647058824,2016,Allen Hurns,WR,JAC
00-0030854,OneFlag,2,17,0.117647058824,2016,Erik Swoope,TE,IND
00-0030854,TwoFlag,7,17,0.411764705882,2016,Erik Swoope,TE,IND
00-0030856,OneFlag,0,17,0.0,2016,Tony Washington,WR,JAC
00-0030856,TwoFlag,0,17,0.0,2016,Tony Washington,WR,JAC
00-0030860,OneFlag,0,17,0.0,2016,Orleans Darkwa,RB,NYG
00-0030860,TwoFlag,2,17,0.117647058824,2016,Orleans Darkwa,RB,NYG
00-0030874,OneFlag,1,17,0.0588235294118,2016,Damien Williams,RB,MIA
00-0030874,TwoFlag,5,17,0.294117647059,2016,Damien Williams,RB,MIA
00-0030990,OneFlag,0,17,0.0,2016,Josh Huff,WR,PHI
00-0030990,TwoFlag,1,17,0.0588235294118,2016,Josh Huff,WR,PHI
00-0030992,OneFlag,1,17,0.0588235294118,2016,Crockett Gillmore,TE,BAL
00-0030992,TwoFlag,1,17,0.0588235294118,2016,Crockett Gillmore,TE,BAL
00-0031001,OneFlag,0,17,0.0,2016,Jeff Janis,WR,GB
00-0031001,TwoFlag,1,17,0.0588235294118,2016,Jeff Janis,WR,GB
00-0031021,OneFlag,0,17,0.0,2016,Jared Abbrederis,WR,GB
00-0031021,TwoFlag,0,17,0.0,2016,Jared Abbrederis,WR,GB
00-0031023,OneFlag,3,17,0.176470588235,2016,Quincy Enunwa,WR,NYJ
00-0031023,TwoFlag,4,17,0.235294117647,2016,Quincy Enunwa,WR,NYJ
00-0031025,OneFlag,0,17,0.0,2016,Michael Campanaro,WR,BAL
00-0031025,TwoFlag,0,17,0.0,2016,Michael Campanaro,WR,BAL
00-0031035,OneFlag,2,17,0.117647058824,2016,Xavier Grimble,TE,PIT
00-0031035,TwoFlag,4,17,0.235294117647,2016,Xavier Grimble,TE,PIT
00-0031042,OneFlag,1,17,0.0588235294118,2016,Jace Amaro,TE,TEN
00-0031042,TwoFlag,1,17,0.0588235294118,2016,Jace Amaro,TE,TEN
00-0031044,OneFlag,0,17,0.0,2016,Troy Niklas,TE,ARI
00-0031044,TwoFlag,0,17,0.0,2016,Troy Niklas,TE,ARI
00-0031045,OneFlag,6,17,0.352941176471,2016,Carlos Hyde,RB,SF
00-0031045,TwoFlag,9,17,0.529411764706,2016,Carlos Hyde,RB,SF
00-0031051,OneFlag,2,17,0.117647058824,2016,John Brown,WR,ARI
00-0031051,TwoFlag,3,17,0.176470588235,2016,John Brown,WR,ARI
00-0031055,OneFlag,0,17,0.0,2016,Andre Williams,RB,SD
00-0031055,TwoFlag,1,17,0.0588235294118,2016,Andre Williams,RB,SD
00-0031057,OneFlag,0,17,0.0,2016,Ka'Deem Carey,RB,CHI
00-0031057,TwoFlag,0,17,0.0,2016,Ka'Deem Carey,RB,CHI
00-0031060,OneFlag,0,17,0.0,2016,De'Anthony Thomas,WR,KC
00-0031060,TwoFlag,0,17,0.0,2016,De'Anthony Thomas,WR,KC
00-0031062,OneFlag,2,17,0.117647058824,2016,James White,RB,NE
00-0031062,TwoFlag,6,17,0.352941176471,2016,James White,RB,NE
00-0031064,OneFlag,0,17,0.0,2016,Tom Savage,QB,HOU
00-0031064,TwoFlag,2,17,0.117647058824,2016,Tom Savage,QB,HOU
00-0031066,OneFlag,0,17,0.0,2016,Lorenzo Taliaferro,RB,BAL
00-0031066,TwoFlag,0,17,0.0,2016,Lorenzo Taliaferro,RB,BAL
00-0031068,OneFlag,0,17,0.0,2016,Ryan Grant,WR,WAS
00-0031068,TwoFlag,0,17,0.0,2016,Ryan Grant,WR,WAS
00-0031075,OneFlag,1,17,0.0588235294118,2016,Alfred Blue,RB,HOU
00-0031075,TwoFlag,1,17,0.0588235294118,2016,Alfred Blue,RB,HOU
00-0031102,OneFlag,1,17,0.0588235294118,2016,Kapri Bibbs,RB,DEN
00-0031102,TwoFlag,1,17,0.0588235294118,2016,Kapri Bibbs,RB,DEN
00-0031118,OneFlag,0,17,0.0,2016,Corey Brown,WR,CAR
00-0031118,TwoFlag,1,17,0.0588235294118,2016,Corey Brown,WR,CAR
00-0031158,OneFlag,0,17,0.0,2016,George Atkinson,RB,CLE
00-0031158,TwoFlag,1,17,0.0588235294118,2016,George Atkinson,RB,CLE
00-0031166,OneFlag,1,17,0.0588235294118,2016,Seth Roberts,WR,OAK
00-0031166,TwoFlag,3,17,0.176470588235,2016,Seth Roberts,WR,OAK
00-0031228,OneFlag,5,17,0.294117647059,2016,Taylor Gabriel,WR,ATL
00-0031228,TwoFlag,6,17,0.352941176471,2016,Taylor Gabriel,WR,ATL
00-0031235,OneFlag,7,17,0.411764705882,2016,Odell Beckham,WR,NYG
00-0031235,TwoFlag,10,17,0.588235294118,2016,Odell Beckham,WR,NYG
00-0031236,OneFlag,4,17,0.235294117647,2016,Brandin Cooks,WR,NO
00-0031236,TwoFlag,7,17,0.411764705882,2016,Brandin Cooks,WR,NO
00-0031257,OneFlag,0,17,0.0,2016,Paul Richardson,WR,SEA
00-0031257,TwoFlag,1,17,0.0588235294118,2016,Paul Richardson,WR,SEA
00-0031268,OneFlag,0,17,0.0,2016,Walt Powell,WR,BUF
00-0031268,TwoFlag,0,17,0.0,2016,Walt Powell,WR,BUF
00-0031273,OneFlag,8,17,0.470588235294,2016,Cameron Brate,TE,TB
00-0031273,TwoFlag,13,17,0.764705882353,2016,Cameron Brate,TE,TB
00-0031280,OneFlag,8,17,0.470588235294,2016,Derek Carr,QB,OAK
00-0031280,TwoFlag,15,17,0.882352941176,2016,Derek Carr,QB,OAK
00-0031285,OneFlag,8,17,0.470588235294,2016,Devonta Freeman,RB,ATL
00-0031285,TwoFlag,13,17,0.764705882353,2016,Devonta Freeman,RB,ATL
00-0031291,OneFlag,0,17,0.0,2016,James Wright,WR,CIN
00-0031291,TwoFlag,0,17,0.0,2016,James Wright,WR,CIN
00-0031299,OneFlag,1,17,0.0588235294118,2016,Jordan Matthews,WR,PHI
00-0031299,TwoFlag,3,17,0.176470588235,2016,Jordan Matthews,WR,PHI
00-0031301,OneFlag,5,17,0.294117647059,2016,Jeremy Hill,RB,CIN
00-0031301,TwoFlag,9,17,0.529411764706,2016,Jeremy Hill,RB,CIN
00-0031302,OneFlag,5,17,0.294117647059,2016,C.J. Fiedorowicz,TE,HOU
00-0031302,TwoFlag,11,17,0.647058823529,2016,C.J. Fiedorowicz,TE,HOU
00-0031325,OneFlag,1,17,0.0588235294118,2016,Sammy Watkins,WR,BUF
00-0031325,TwoFlag,2,17,0.117647058824,2016,Sammy Watkins,WR,BUF
00-0031332,OneFlag,0,17,0.0,2016,Fitzgerald Toussaint,RB,PIT
00-0031332,TwoFlag,0,17,0.0,2016,Fitzgerald Toussaint,RB,PIT
00-0031339,OneFlag,0,17,0.0,2016,Donte Moncrief,WR,IND
00-0031339,TwoFlag,6,17,0.352941176471,2016,Donte Moncrief,WR,IND
00-0031344,OneFlag,0,17,0.0,2016,Cody Latimer,WR,DEN
00-0031344,TwoFlag,0,17,0.0,2016,Cody Latimer,WR,DEN
00-0031345,OneFlag,1,17,0.0588235294118,2016,Jimmy Garoppolo,QB,NE
00-0031345,TwoFlag,2,17,0.117647058824,2016,Jimmy Garoppolo,QB,NE
00-0031359,OneFlag,3,17,0.176470588235,2016,Kelvin Benjamin,WR,CAR
00-0031359,TwoFlag,7,17,0.411764705882,2016,Kelvin Benjamin,WR,CAR
00-0031375,OneFlag,3,17,0.176470588235,2016,Terrance West,RB,BAL
00-0031375,TwoFlag,7,17,0.411764705882,2016,Terrance West,RB,BAL
00-0031376,OneFlag,2,17,0.117647058824,2016,Jerick McKinnon,RB,MIN
00-0031376,TwoFlag,5,17,0.294117647059,2016,Jerick McKinnon,RB,MIN
00-0031381,OneFlag,6,17,0.352941176471,2016,Davante Adams,WR,GB
00-0031381,TwoFlag,10,17,0.588235294118,2016,Davante Adams,WR,GB
00-0031382,OneFlag,3,17,0.176470588235,2016,Jarvis Landry,WR,MIA
00-0031382,TwoFlag,8,17,0.470588235294,2016,Jarvis Landry,WR,MIA
00-0031384,OneFlag,2,17,0.117647058824,2016,Richard Rodgers,TE,GB
00-0031384,TwoFlag,5,17,0.294117647059,2016,Richard Rodgers,TE,GB
00-0031387,OneFlag,6,17,0.352941176471,2016,Eric Ebron,TE,DET
00-0031387,TwoFlag,12,17,0.705882352941,2016,Eric Ebron,TE,DET
00-0031390,OneFlag,1,17,0.0588235294118,2016,Charles Sims,RB,TB
00-0031390,TwoFlag,2,17,0.117647058824,2016,Charles Sims,RB,TB
00-0031407,OneFlag,7,17,0.411764705882,2016,Blake Bortles,QB,JAC
00-0031407,TwoFlag,15,17,0.882352941176,2016,Blake Bortles,QB,JAC
00-0031408,OneFlag,8,17,0.470588235294,2016,Mike Evans,WR,TB
00-0031408,TwoFlag,10,17,0.588235294118,2016,Mike Evans,WR,TB
00-0031418,OneFlag,1,17,0.0588235294118,2016,Austin Seferian-Jenkins,TE,TB
00-0031418,TwoFlag,4,17,0.235294117647,2016,Austin Seferian-Jenkins,TE,TB
00-0031428,OneFlag,4,17,0.235294117647,2016,Allen Robinson,WR,JAC
00-0031428,TwoFlag,5,17,0.294117647059,2016,Allen Robinson,WR,JAC
00-0031431,OneFlag,0,17,0.0,2016,Marqise Lee,WR,JAC
00-0031431,TwoFlag,6,17,0.352941176471,2016,Marqise Lee,WR,JAC
00-0031484,OneFlag,0,17,0.0,2016,Chris Manhertz,TE,NO
00-0031484,TwoFlag,0,17,0.0,2016,Chris Manhertz,TE,NO
00-0031503,OneFlag,8,17,0.470588235294,2016,Jameis Winston,QB,TB
00-0031503,TwoFlag,15,17,0.882352941176,2016,Jameis Winston,QB,TB
00-0031514,OneFlag,0,17,0.0,2016,Quan Bray,WR,IND
00-0031514,TwoFlag,0,17,0.0,2016,Quan Bray,WR,IND
00-0031533,OneFlag,0,17,0.0,2016,Randall Telfer,TE,CLE
00-0031533,TwoFlag,0,17,0.0,2016,Randall Telfer,TE,CLE
00-0031544,OneFlag,5,17,0.294117647059,2016,Amari Cooper,WR,OAK
00-0031544,TwoFlag,7,17,0.411764705882,2016,Amari Cooper,WR,OAK
00-0031545,OneFlag,0,17,0.0,2016,Kevin White,WR,CHI
00-0031545,TwoFlag,0,17,0.0,2016,Kevin White,WR,CHI
00-0031547,OneFlag,1,17,0.0588235294118,2016,DeVante Parker,WR,MIA
00-0031547,TwoFlag,6,17,0.352941176471,2016,DeVante Parker,WR,MIA
00-0031549,OneFlag,0,17,0.0,2016,Nelson Agholor,WR,PHI
00-0031549,TwoFlag,2,17,0.117647058824,2016,Nelson Agholor,WR,PHI
00-0031560,OneFlag,0,17,0.0,2016,Jaelen Strong,WR,HOU
00-0031560,TwoFlag,0,17,0.0,2016,Jaelen Strong,WR,HOU
00-0031568,OneFlag,0,17,0.0,2016,Bryce Petty,QB,NYJ
00-0031568,TwoFlag,5,17,0.294117647059,2016,Bryce Petty,QB,NYJ
00-0031569,OneFlag,0,17,0.0,2016,Jeremy Langford,RB,CHI
00-0031569,TwoFlag,4,17,0.235294117647,2016,Jeremy Langford,RB,CHI
00-0031570,OneFlag,1,17,0.0588235294118,2016,Justin Hardy,WR,ATL
00-0031570,TwoFlag,2,17,0.117647058824,2016,Justin Hardy,WR,ATL
00-0031577,OneFlag,0,17,0.0,2016,Javorius Allen,RB,BAL
00-0031577,TwoFlag,0,17,0.0,2016,Javorius Allen,RB,BAL
00-0031585,OneFlag,0,17,0.0,2016,MyCole Pruitt,TE,MIN
00-0031585,TwoFlag,0,17,0.0,2016,MyCole Pruitt,TE,MIN
00-0031588,OneFlag,3,17,0.176470588235,2016,Stefon Diggs,WR,MIN
00-0031588,TwoFlag,5,17,0.294117647059,2016,Stefon Diggs,WR,MIN
00-0031589,OneFlag,0,17,0.0,2016,Brett Hundley,QB,GB
00-0031589,TwoFlag,0,17,0.0,2016,Brett Hundley,QB,GB
00-0031590,OneFlag,5,17,0.294117647059,2016,Jay Ajayi,RB,MIA
00-0031590,TwoFlag,10,17,0.588235294118,2016,Jay Ajayi,RB,MIA
00-0031598,OneFlag,0,17,0.0,2016,Nick Boyle,TE,BAL
00-0031598,TwoFlag,1,17,0.0588235294118,2016,Nick Boyle,TE,BAL
00-0031599,OneFlag,1,17,0.0588235294118,2016,Cameron Artis-Payne,RB,CAR
00-0031599,TwoFlag,1,17,0.0588235294118,2016,Cameron Artis-Payne,RB,CAR
00-0031600,OneFlag,0,17,0.0,2016,Keith Mumphery,WR,HOU
00-0031600,TwoFlag,0,17,0.0,2016,Keith Mumphery,WR,HOU
00-0031609,OneFlag,0,17,0.0,2016,A.J. Derby,TE,NE
00-0031609,TwoFlag,3,17,0.176470588235,2016,A.J. Derby,TE,NE
00-0031610,OneFlag,2,17,0.117647058824,2016,Darren Waller,TE,BAL
00-0031610,TwoFlag,2,17,0.117647058824,2016,Darren Waller,TE,BAL
00-0031682,OneFlag,0,17,0.0,2016,Terron Ward,RB,ATL
00-0031682,TwoFlag,0,17,0.0,2016,Terron Ward,RB,ATL
00-0031697,OneFlag,0,17,0.0,2016,Jordan Taylor,WR,DEN
00-0031697,TwoFlag,0,17,0.0,2016,Jordan Taylor,WR,DEN
00-0031706,OneFlag,0,17,0.0,2016,Paul Lasike,RB,CHI
00-0031706,TwoFlag,0,17,0.0,2016,Paul Lasike,RB,CHI
00-0031731,OneFlag,1,17,0.0588235294118,2016,Corey Grant,RB,JAC
00-0031731,TwoFlag,2,17,0.117647058824,2016,Corey Grant,RB,JAC
00-0031757,OneFlag,0,17,0.0,2016,Lucky Whitehead,WR,DAL
00-0031757,TwoFlag,0,17,0.0,2016,Lucky Whitehead,WR,DAL
00-0031782,OneFlag,1,17,0.0588235294118,2016,Eli Rogers,WR,PIT
00-0031782,TwoFlag,4,17,0.235294117647,2016,Eli Rogers,WR,PIT
00-0031806,OneFlag,0,17,0.0,2016,Malcolm Brown,RB,LA
00-0031806,TwoFlag,0,17,0.0,2016,Malcolm Brown,RB,LA
00-0031818,OneFlag,0,17,0.0,2016,Bradley Marquez,WR,LA
00-0031818,TwoFlag,0,17,0.0,2016,Bradley Marquez,WR,LA
00-0031868,OneFlag,0,17,0.0,2016,Damiere Byrd,WR,CAR
00-0031868,TwoFlag,0,17,0.0,2016,Damiere Byrd,WR,CAR
00-0031897,OneFlag,1,17,0.0588235294118,2016,Thomas Rawls,RB,SEA
00-0031897,TwoFlag,3,17,0.176470588235,2016,Thomas Rawls,RB,SEA
00-0031900,OneFlag,0,17,0.0,2016,Rod Smith,RB,DAL
00-0031900,TwoFlag,0,17,0.0,2016,Rod Smith,RB,DAL
00-0031912,OneFlag,3,17,0.176470588235,2016,Cameron Meredith,WR,CHI
00-0031912,TwoFlag,7,17,0.411764705882,2016,Cameron Meredith,WR,CHI
00-0031934,OneFlag,0,17,0.0,2016,Devin Smith,WR,NYJ
00-0031934,TwoFlag,0,17,0.0,2016,Devin Smith,WR,NYJ
00-0031939,OneFlag,3,17,0.176470588235,2016,Matt Jones,RB,WAS
00-0031939,TwoFlag,3,17,0.176470588235,2016,Matt Jones,RB,WAS
00-0031941,OneFlag,3,17,0.176470588235,2016,Jamison Crowder,WR,WAS
00-0031941,TwoFlag,8,17,0.470588235294,2016,Jamison Crowder,WR,WAS
00-0031951,OneFlag,0,17,0.0,2016,James O'Shaughnessy,TE,KC
00-0031951,TwoFlag,0,17,0.0,2016,James O'Shaughnessy,TE,KC
00-0031959,OneFlag,0,17,0.0,2016,Marcus Murphy,RB,NO
00-0031959,TwoFlag,0,17,0.0,2016,Marcus Murphy,RB,NO
00-0032004,OneFlag,1,17,0.0588235294118,2016,Will Tye,TE,NYG
00-0032004,TwoFlag,8,17,0.470588235294,2016,Will Tye,TE,NYG
00-0032009,OneFlag,0,17,0.0,2016,Adam Humphries,WR,TB
00-0032009,TwoFlag,4,17,0.235294117647,2016,Adam Humphries,WR,TB
00-0032054,OneFlag,1,17,0.0588235294118,2016,Breshad Perriman,WR,BAL
00-0032054,TwoFlag,2,17,0.117647058824,2016,Breshad Perriman,WR,BAL
00-0032055,OneFlag,0,17,0.0,2016,Devin Funchess,WR,CAR
00-0032055,TwoFlag,3,17,0.176470588235,2016,Devin Funchess,WR,CAR
00-0032058,OneFlag,5,17,0.294117647059,2016,Tevin Coleman,RB,ATL
00-0032058,TwoFlag,9,17,0.529411764706,2016,Tevin Coleman,RB,ATL
00-0032062,OneFlag,0,17,0.0,2016,Blake Bell,TE,SF
00-0032062,TwoFlag,2,17,0.117647058824,2016,Blake Bell,TE,SF
00-0032063,OneFlag,0,17,0.0,2016,Mike Davis,RB,SF
00-0032063,TwoFlag,1,17,0.0588235294118,2016,Mike Davis,RB,SF
00-0032104,OneFlag,1,17,0.0588235294118,2016,Ameer Abdullah,RB,DET
00-0032104,TwoFlag,1,17,0.0588235294118,2016,Ameer Abdullah,RB,DET
00-0032112,OneFlag,3,17,0.176470588235,2016,J.J. Nelson,WR,ARI
00-0032112,TwoFlag,5,17,0.294117647059,2016,J.J. Nelson,WR,ARI
00-0032117,OneFlag,0,17,0.0,2016,Nick O'Leary,TE,BUF
00-0032117,TwoFlag,4,17,0.235294117647,2016,Nick O'Leary,TE,BUF
00-0032120,OneFlag,0,17,0.0,2016,Neal Sterling,TE,JAC
00-0032120,TwoFlag,2,17,0.117647058824,2016,Neal Sterling,TE,JAC
00-0032128,OneFlag,0,17,0.0,2016,Chris Conley,WR,KC
00-0032128,TwoFlag,0,17,0.0,2016,Chris Conley,WR,KC
00-0032134,OneFlag,2,17,0.117647058824,2016,C.J. Uzomah,TE,CIN
00-0032134,TwoFlag,5,17,0.294117647059,2016,C.J. Uzomah,TE,CIN
00-0032135,OneFlag,3,17,0.176470588235,2016,Jesse James,TE,PIT
00-0032135,TwoFlag,8,17,0.470588235294,2016,Jesse James,TE,PIT
00-0032139,OneFlag,1,17,0.0588235294118,2016,Ben Koyack,TE,JAC
00-0032139,TwoFlag,3,17,0.176470588235,2016,Ben Koyack,TE,JAC
00-0032141,OneFlag,0,17,0.0,2016,Geoff Swaim,TE,DAL
00-0032141,TwoFlag,0,17,0.0,2016,Geoff Swaim,TE,DAL
00-0032144,OneFlag,9,17,0.529411764706,2016,Melvin Gordon,RB,SD
00-0032144,TwoFlag,12,17,0.705882352941,2016,Melvin Gordon,RB,SD
00-0032156,OneFlag,3,17,0.176470588235,2016,Trevor Siemian,QB,DEN
00-0032156,TwoFlag,11,17,0.647058823529,2016,Trevor Siemian,QB,DEN
00-0032160,OneFlag,4,17,0.235294117647,2016,Tyrell Williams,WR,SD
00-0032160,TwoFlag,8,17,0.470588235294,2016,Tyrell Williams,WR,SD
00-0032166,OneFlag,1,17,0.0588235294118,2016,Sammie Coates,WR,PIT
00-0032166,TwoFlag,2,17,0.117647058824,2016,Sammie Coates,WR,PIT
00-0032170,OneFlag,0,17,0.0,2016,Rashad Greene,WR,JAC
00-0032170,TwoFlag,0,17,0.0,2016,Rashad Greene,WR,JAC
00-0032187,OneFlag,12,17,0.705882352941,2016,David Johnson,RB,ARI
00-0032187,TwoFlag,15,17,0.882352941176,2016,David Johnson,RB,ARI
00-0032200,OneFlag,2,17,0.117647058824,2016,Ty Montgomery,WR,GB
00-0032200,TwoFlag,5,17,0.294117647059,2016,Ty Montgomery,WR,GB
00-0032208,OneFlag,0,17,0.0,2016,Phillip Dorsett,WR,IND
00-0032208,TwoFlag,2,17,0.117647058824,2016,Phillip Dorsett,WR,IND
00-0032209,OneFlag,1,17,0.0588235294118,2016,T.J. Yeldon,RB,JAC
00-0032209,TwoFlag,5,17,0.294117647059,2016,T.J. Yeldon,RB,JAC
00-0032211,OneFlag,2,17,0.117647058824,2016,Tyler Lockett,WR,SEA
00-0032211,TwoFlag,2,17,0.117647058824,2016,Tyler Lockett,WR,SEA
00-0032214,OneFlag,0,17,0.0,2016,Tyler Kroft,TE,CIN
00-0032214,TwoFlag,2,17,0.117647058824,2016,Tyler Kroft,TE,CIN
00-0032218,OneFlag,0,17,0.0,2016,Dorial Green-Beckham,WR,PHI
00-0032218,TwoFlag,1,17,0.0588235294118,2016,Dorial Green-Beckham,WR,PHI
00-0032227,OneFlag,0,17,0.0,2016,Jeff Heuerman,TE,DEN
00-0032227,TwoFlag,2,17,0.117647058824,2016,Jeff Heuerman,TE,DEN
00-0032241,OneFlag,5,17,0.294117647059,2016,Todd Gurley,RB,LA
00-0032241,TwoFlag,13,17,0.764705882353,2016,Todd Gurley,RB,LA
00-0032245,OneFlag,0,17,0.0,2016,Sean Mannion,QB,LA
00-0032245,TwoFlag,0,17,0.0,2016,Sean Mannion,QB,LA
00-0032256,OneFlag,3,17,0.176470588235,2016,Clive Walford,TE,OAK
00-0032256,TwoFlag,9,17,0.529411764706,2016,Clive Walford,TE,OAK
00-0032257,OneFlag,1,17,0.0588235294118,2016,Duke Johnson,RB,CLE
00-0032257,TwoFlag,4,17,0.235294117647,2016,Duke Johnson,RB,CLE
00-0032268,OneFlag,8,17,0.470588235294,2016,Marcus Mariota,QB,TEN
00-0032268,TwoFlag,12,17,0.705882352941,2016,Marcus Mariota,QB,TEN
00-0032319,OneFlag,0,17,0.0,2016,Ross Travis,TE,KC
00-0032319,TwoFlag,0,17,0.0,2016,Ross Travis,TE,KC
00-0032355,OneFlag,0,17,0.0,2016,Chester Rogers,WR,IND
00-0032355,TwoFlag,0,17,0.0,2016,Chester Rogers,WR,IND
00-0032371,OneFlag,3,17,0.176470588235,2016,Rob Kelley,RB,WAS
00-0032371,TwoFlag,7,17,0.411764705882,2016,Rob Kelley,RB,WAS
00-0032377,OneFlag,0,17,0.0,2016,Josh Ferguson,RB,IND
00-0032377,TwoFlag,0,17,0.0,2016,Josh Ferguson,RB,IND
00-0032385,OneFlag,0,17,0.0,2016,Sterling Shepard,WR,NYG
00-0032385,TwoFlag,8,17,0.470588235294,2016,Sterling Shepard,WR,NYG
00-0032392,OneFlag,4,17,0.235294117647,2016,Austin Hooper,TE,ATL
00-0032392,TwoFlag,6,17,0.352941176471,2016,Austin Hooper,TE,ATL
00-0032393,OneFlag,2,17,0.117647058824,2016,C.J. Prosise,RB,SEA
00-0032393,TwoFlag,3,17,0.176470588235,2016,C.J. Prosise,RB,SEA
00-0032394,OneFlag,0,17,0.0,2016,Nick Vannett,TE,SEA
00-0032394,TwoFlag,1,17,0.0588235294118,2016,Nick Vannett,TE,SEA
00-0032398,OneFlag,0,17,0.0,2016,Chris Moore,WR,BAL
00-0032398,TwoFlag,0,17,0.0,2016,Chris Moore,WR,BAL
00-0032400,OneFlag,2,17,0.117647058824,2016,Malcolm Mitchell,WR,NE
00-0032400,TwoFlag,4,17,0.235294117647,2016,Malcolm Mitchell,WR,NE
00-0032404,OneFlag,0,17,0.0,2016,Tyler Ervin,RB,HOU
00-0032404,TwoFlag,0,17,0.0,2016,Tyler Ervin,RB,HOU
00-0032411,OneFlag,1,17,0.0588235294118,2016,Kenneth Dixon,RB,BAL
00-0032411,TwoFlag,6,17,0.352941176471,2016,Kenneth Dixon,RB,BAL
00-0032417,OneFlag,0,17,0.0,2016,Paul Perkins,RB,NYG
00-0032417,TwoFlag,3,17,0.176470588235,2016,Paul Perkins,RB,NYG
00-0032423,OneFlag,0,17,0.0,2016,Trevor Davis,WR,GB
00-0032423,TwoFlag,0,17,0.0,2016,Trevor Davis,WR,GB
00-0032426,OneFlag,0,17,0.0,2016,Alex Collins,RB,SEA
00-0032426,TwoFlag,1,17,0.0588235294118,2016,Alex Collins,RB,SEA
00-0032429,OneFlag,1,17,0.0588235294118,2016,Jerell Adams,TE,NYG
00-0032429,TwoFlag,3,17,0.176470588235,2016,Jerell Adams,TE,NYG
00-0032430,OneFlag,0,17,0.0,2016,David Morgan,TE,MIN
00-0032430,TwoFlag,0,17,0.0,2016,David Morgan,TE,MIN
00-0032441,OneFlag,0,17,0.0,2016,Aaron Burbridge,WR,SF
00-0032441,TwoFlag,0,17,0.0,2016,Aaron Burbridge,WR,SF
00-0032450,OneFlag,0,17,0.0,2016,Dwayne Washington,RB,DET
00-0032450,TwoFlag,1,17,0.0588235294118,2016,Dwayne Washington,RB,DET
00-0032462,OneFlag,0,17,0.0,2016,Trevone Boykin,QB,SEA
00-0032462,TwoFlag,0,17,0.0,2016,Trevone Boykin,QB,SEA
00-0032543,OneFlag,0,17,0.0,2016,Alex Erickson,WR,CIN
00-0032543,TwoFlag,0,17,0.0,2016,Alex Erickson,WR,CIN
00-0032562,OneFlag,0,17,0.0,2016,Cole Wick,TE,DET
00-0032562,TwoFlag,0,17,0.0,2016,Cole Wick,TE,DET
00-0032577,OneFlag,0,17,0.0,2016,D.J. Foster,RB,NE
00-0032577,TwoFlag,0,17,0.0,2016,D.J. Foster,RB,NE
00-0032599,OneFlag,1,17,0.0588235294118,2016,Josh Perkins,TE,ATL
00-0032599,TwoFlag,1,17,0.0588235294118,2016,Josh Perkins,TE,ATL
00-0032659,OneFlag,0,17,0.0,2016,Roger Lewis,WR,NYG
00-0032659,TwoFlag,1,17,0.0588235294118,2016,Roger Lewis,WR,NYG
00-0032688,OneFlag,2,17,0.117647058824,2016,Robby Anderson,WR,NYJ
00-0032688,TwoFlag,3,17,0.176470588235,2016,Robby Anderson,WR,NYJ
00-0032694,OneFlag,1,17,0.0588235294118,2016,Jalin Marshall,WR,NYJ
00-0032694,TwoFlag,1,17,0.0588235294118,2016,Jalin Marshall,WR,NYJ
00-0032724,OneFlag,0,17,0.0,2016,Bryce Treggs,WR,PHI
00-0032724,TwoFlag,0,17,0.0,2016,Bryce Treggs,WR,PHI
00-0032725,OneFlag,1,17,0.0588235294118,2016,Stephen Anderson,TE,HOU
00-0032725,TwoFlag,2,17,0.117647058824,2016,Stephen Anderson,TE,HOU
00-0032745,OneFlag,1,17,0.0588235294118,2016,Alan Cross,TE,TB
00-0032745,TwoFlag,1,17,0.0588235294118,2016,Alan Cross,TE,TB
00-0032760,OneFlag,0,17,0.0,2016,Josh Doctson,WR,WAS
00-0032760,TwoFlag,0,17,0.0,2016,Josh Doctson,WR,WAS
00-0032764,OneFlag,4,17,0.235294117647,2016,Derrick Henry,RB,TEN
00-0032764,TwoFlag,4,17,0.235294117647,2016,Derrick Henry,RB,TEN
00-0032765,OneFlag,5,17,0.294117647059,2016,Michael Thomas,WR,NO
00-0032765,TwoFlag,9,17,0.529411764706,2016,Michael Thomas,WR,NO
00-0032778,OneFlag,1,17,0.0588235294118,2016,Tajae Sharpe,WR,TEN
00-0032778,TwoFlag,2,17,0.117647058824,2016,Tajae Sharpe,WR,TEN
00-0032780,OneFlag,6,17,0.352941176471,2016,Jordan Howard,RB,CHI
00-0032780,TwoFlag,13,17,0.764705882353,2016,Jordan Howard,RB,CHI
00-0032782,OneFlag,0,17,0.0,2016,Wendell Smallwood,RB,PHI
00-0032782,TwoFlag,3,17,0.176470588235,2016,Wendell Smallwood,RB,PHI
00-0032791,OneFlag,0,17,0.0,2016,Jakeem Grant,WR,MIA
00-0032791,TwoFlag,0,17,0.0,2016,Jakeem Grant,WR,MIA
00-0032795,OneFlag,0,17,0.0,2016,Cody Core,WR,CIN
00-0032795,TwoFlag,0,17,0.0,2016,Cody Core,WR,CIN
00-0032804,OneFlag,0,17,0.0,2016,Daniel Lasco,RB,NO
00-0032804,TwoFlag,0,17,0.0,2016,Daniel Lasco,RB,NO
00-0032881,OneFlag,0,17,0.0,2016,Tommylee Lewis,WR,NO
00-0032881,TwoFlag,0,17,0.0,2016,Tommylee Lewis,WR,NO
00-0032893,OneFlag,0,17,0.0,2016,Connor Cook,QB,OAK
00-0032893,TwoFlag,1,17,0.0588235294118,2016,Connor Cook,QB,OAK
00-0032902,OneFlag,0,17,0.0,2016,Kenneth Farrow,RB,SD
00-0032902,TwoFlag,1,17,0.0588235294118,2016,Kenneth Farrow,RB,SD
00-0032935,OneFlag,0,17,0.0,2016,Johnny Holton,WR,OAK
00-0032935,TwoFlag,0,17,0.0,2016,Johnny Holton,WR,OAK
00-0032940,OneFlag,1,17,0.0588235294118,2016,DeAndre Washington,RB,OAK
00-0032940,TwoFlag,1,17,0.0588235294118,2016,DeAndre Washington,RB,OAK
00-0032950,OneFlag,5,17,0.294117647059,2016,Carson Wentz,QB,PHI
00-0032950,TwoFlag,15,17,0.882352941176,2016,Carson Wentz,QB,PHI
00-0032951,OneFlag,0,17,0.0,2016,Laquon Treadwell,WR,MIN
00-0032951,TwoFlag,0,17,0.0,2016,Laquon Treadwell,WR,MIN
00-0032959,OneFlag,0,17,0.0,2016,Charone Peake,WR,NYJ
00-0032959,TwoFlag,0,17,0.0,2016,Charone Peake,WR,NYJ
00-0032966,OneFlag,1,17,0.0588235294118,2016,Corey Coleman,WR,CLE
00-0032966,TwoFlag,1,17,0.0588235294118,2016,Corey Coleman,WR,CLE
00-0032972,OneFlag,2,17,0.117647058824,2016,Devontae Booker,RB,DEN
00-0032972,TwoFlag,6,17,0.352941176471,2016,Devontae Booker,RB,DEN
00-0032974,OneFlag,0,17,0.0,2016,Jordan Payton,WR,CLE
00-0032974,TwoFlag,0,17,0.0,2016,Jordan Payton,WR,CLE
00-0032975,OneFlag,0,17,0.0,2016,Jonathan Williams,RB,BUF
00-0032975,TwoFlag,1,17,0.0588235294118,2016,Jonathan Williams,RB,BUF
00-0032977,OneFlag,0,17,0.0,2016,Rashard Higgins,WR,CLE
00-0032977,TwoFlag,0,17,0.0,2016,Rashard Higgins,WR,CLE
00-0033009,OneFlag,0,17,0.0,2016,Tyler Boyd,WR,CIN
00-0033009,TwoFlag,2,17,0.117647058824,2016,Tyler Boyd,WR,CIN
00-0033025,OneFlag,1,17,0.0588235294118,2016,Jalen Richard,RB,OAK
00-0033025,TwoFlag,5,17,0.294117647059,2016,Jalen Richard,RB,OAK
00-0033040,OneFlag,6,17,0.352941176471,2016,Tyreek Hill,WR,KC
00-0033040,TwoFlag,7,17,0.411764705882,2016,Tyreek Hill,WR,KC
00-0033045,OneFlag,13,17,0.764705882353,2016,Ezekiel Elliott,RB,DAL
00-0033045,TwoFlag,15,17,0.882352941176,2016,Ezekiel Elliott,RB,DAL
00-0033060,OneFlag,0,17,0.0,2016,Leonte Carroo,WR,MIA
00-0033060,TwoFlag,0,17,0.0,2016,Leonte Carroo,WR,MIA
00-0033069,OneFlag,0,17,0.0,2016,Braxton Miller,WR,HOU
00-0033069,TwoFlag,1,17,0.0588235294118,2016,Braxton Miller,WR,HOU
00-0033077,OneFlag,11,17,0.647058823529,2016,Dak Prescott,QB,DAL
00-0033077,TwoFlag,15,17,0.882352941176,2016,Dak Prescott,QB,DAL
00-0033079,OneFlag,0,17,0.0,2016,Ricardo Louis,WR,CLE
00-0033079,TwoFlag,0,17,0.0,2016,Ricardo Louis,WR,CLE
00-0033080,OneFlag,1,17,0.0588235294118,2016,Seth Devalve,TE,CLE
00-0033080,TwoFlag,3,17,0.176470588235,2016,Seth Devalve,TE,CLE
00-0033090,OneFlag,8,17,0.470588235294,2016,Hunter Henry,TE,SD
00-0033090,TwoFlag,10,17,0.588235294118,2016,Hunter Henry,TE,SD
00-0033098,OneFlag,0,17,0.0,2016,Cardale Jones,QB,BUF
00-0033098,TwoFlag,0,17,0.0,2016,Cardale Jones,QB,BUF
00-0033104,OneFlag,1,17,0.0588235294118,2016,Cody Kessler,QB,CLE
00-0033104,TwoFlag,6,17,0.352941176471,2016,Cody Kessler,QB,CLE
00-0033106,OneFlag,0,17,0.0,2016,Jared Goff,QB,LA
00-0033106,TwoFlag,4,17,0.235294117647,2016,Jared Goff,QB,LA
00-0033108,OneFlag,0,17,0.0,2016,Paxton Lynch,QB,DEN
00-0033108,TwoFlag,3,17,0.176470588235,2016,Paxton Lynch,QB,DEN
00-0033110,OneFlag,0,17,0.0,2016,Tyler Higbee,TE,LA
00-0033110,TwoFlag,2,17,0.117647058824,2016,Tyler Higbee,TE,LA
00-0033111,OneFlag,0,17,0.0,2016,Pharoh Cooper,WR,LA
00-0033111,TwoFlag,0,17,0.0,2016,Pharoh Cooper,WR,LA
00-0033114,OneFlag,0,17,0.0,2016,Mike Thomas,WR,LA
00-0033114,TwoFlag,0,17,0.0,2016,Mike Thomas,WR,LA
00-0033118,OneFlag,0,17,0.0,2016,Kenyan Drake,RB,MIA
00-0033118,TwoFlag,3,17,0.176470588235,2016,Kenyan Drake,RB,MIA
00-0033119,OneFlag,1,17,0.0588235294118,2016,Jacoby Brissett,QB,NE
00-0033119,TwoFlag,2,17,0.117647058824,2016,Jacoby Brissett,QB,NE
00-0033127,OneFlag,2,17,0.117647058824,2016,Will Fuller,WR,HOU
00-0033127,TwoFlag,3,17,0.176470588235,2016,Will Fuller,WR,HOU
00-0033164,OneFlag,0,17,0.0,2016,Troymaine Pope,RB,NYJ
00-0033164,TwoFlag,0,17,0.0,2016,Troymaine Pope,RB,NYJ
